{"cameraMode":{"drawMode":0,"name":"Shaded","section":"Shading Mode"},"sceneLighting":true,"audioPlay":false,"sceneViewState":{"showFog":true,"showMaterialUpdate":false,"showSkybox":true,"showFlares":true,"showImageEffects":true,"showParticleSystems":true,"showVisualEffectGraphs":true,"m_FxEnabled":true},"in2DMode":false,"pivot":{"x":567.1131591796875,"y":357.555908203125,"z":-115.07229614257813},"rotation":{"x":-0.0033168781083077194,"y":-0.012534799985587597,"z":-0.0006216973997652531,"w":-1.0000663995742798},"size":164.8274383544922,"orthographic":false}