{"cameraMode":{"drawMode":0,"name":"Shaded","section":"Shading Mode"},"sceneLighting":true,"audioPlay":false,"sceneViewState":{"showFog":true,"showMaterialUpdate":false,"showSkybox":true,"showFlares":true,"showImageEffects":true,"showParticleSystems":true,"showVisualEffectGraphs":true,"m_FxEnabled":true},"in2DMode":false,"pivot":{"x":-4.55531120300293,"y":2.4352340698242189,"z":3.9299697875976564},"rotation":{"x":-0.10810832679271698,"y":-0.01998552493751049,"z":0.0014831569278612733,"w":-0.9941351413726807},"size":9.328180313110352,"orthographic":false}