{"cameraMode":{"drawMode":0,"name":"Shaded","section":"Shading Mode"},"sceneLighting":true,"audioPlay":false,"sceneViewState":{"showFog":true,"showMaterialUpdate":false,"showSkybox":true,"showFlares":true,"showImageEffects":true,"showParticleSystems":true,"showVisualEffectGraphs":true,"m_FxEnabled":true},"in2DMode":false,"pivot":{"x":-0.19181230664253236,"y":6.537862777709961,"z":26.25035858154297},"rotation":{"x":-0.2900301218032837,"y":0.022244449704885484,"z":-0.007533651776611805,"w":-0.9569106101989746},"size":7.117538928985596,"orthographic":false}