{"cameraMode":{"drawMode":0,"name":"Shaded","section":"Shading Mode"},"sceneLighting":true,"audioPlay":false,"sceneViewState":{"showFog":true,"showMaterialUpdate":false,"showSkybox":true,"showFlares":true,"showImageEffects":true,"showParticleSystems":true,"showVisualEffectGraphs":true,"m_FxEnabled":true},"in2DMode":false,"pivot":{"x":-15.891722679138184,"y":4.318730354309082,"z":28.78755760192871},"rotation":{"x":-0.08245863020420075,"y":0.07261772453784943,"z":-0.006715790834277868,"w":-0.9941259026527405},"size":3.5932202339172365,"orthographic":false}