{"cameraMode":{"drawMode":0,"name":"Shaded","section":"Shading Mode"},"sceneLighting":true,"audioPlay":false,"sceneViewState":{"showFog":true,"showMaterialUpdate":false,"showSkybox":true,"showFlares":true,"showImageEffects":true,"showParticleSystems":true,"showVisualEffectGraphs":true,"m_FxEnabled":true},"in2DMode":false,"pivot":{"x":-1.8339108228683472,"y":28.74476432800293,"z":7.624597549438477},"rotation":{"x":0.16455905139446259,"y":0.001199378864839673,"z":0.00032047045533545315,"w":0.986378014087677},"size":34.95507049560547,"orthographic":false}