{"cameraMode":{"drawMode":0,"name":"Shaded","section":"Shading Mode"},"sceneLighting":true,"audioPlay":false,"sceneViewState":{"showFog":true,"showMaterialUpdate":false,"showSkybox":true,"showFlares":true,"showImageEffects":true,"showParticleSystems":true,"showVisualEffectGraphs":true,"m_FxEnabled":true},"in2DMode":false,"pivot":{"x":-112.03338623046875,"y":121.4094467163086,"z":10.008651733398438},"rotation":{"x":-0.043721407651901248,"y":-0.07841773331165314,"z":0.002729713451117277,"w":-0.9961133003234863},"size":71.90218353271485,"orthographic":false}