{"cameraMode":{"drawMode":0,"name":"Shaded","section":"Shading Mode"},"sceneLighting":true,"audioPlay":false,"sceneViewState":{"showFog":true,"showMaterialUpdate":false,"showSkybox":true,"showFlares":true,"showImageEffects":true,"showParticleSystems":true,"showVisualEffectGraphs":true,"m_FxEnabled":true},"in2DMode":false,"pivot":{"x":-5.888022422790527,"y":21.52945327758789,"z":6.0784759521484379},"rotation":{"x":-0.14828258752822877,"y":-0.0020901851821690799,"z":-0.0002114294475177303,"w":-0.9890918731689453},"size":26.845232009887697,"orthographic":false}