{"cameraMode":{"drawMode":0,"name":"Shaded","section":"Shading Mode"},"sceneLighting":true,"audioPlay":false,"sceneViewState":{"showFog":true,"showMaterialUpdate":false,"showSkybox":true,"showFlares":true,"showImageEffects":true,"showParticleSystems":true,"showVisualEffectGraphs":true,"m_FxEnabled":true},"in2DMode":false,"pivot":{"x":152.58660888671876,"y":610.6094360351563,"z":6.423248291015625},"rotation":{"x":-0.027251146733760835,"y":0.044433195143938068,"z":-0.0019016365986317397,"w":-0.9988408088684082},"size":56.285438537597659,"orthographic":false}